"state","year","population","pop_per100k"
"Alabama","1991",4099156,2439.53
"Alabama","1992",4154014,2407.31
"Alabama","1993",4214202,2372.93
"Alabama","1994",4260229,2347.29
"Alabama","1995",4296800,2327.31
"Alabama","1996",4331102,2308.88
"Alabama","1997",4367935,2289.41
"Alabama","1998",4404701,2270.3
"Alabama","1999",4430141,2257.26
"Alabama","2000",4452173,2246.09
"Alabama","2001",4467634,2238.32
"Alabama","2002",4480089,2232.1
"Alabama","2003",4503491,2220.5
"Alabama","2004",4530729,2207.15
"Alabama","2005",4569805,2188.28
"Alabama","2006",4628981,2160.3
"Alabama","2007",4672840,2140.03
"Alabama","2008",4718206,2119.45
"Alabama","2009",4757938,2101.75
"Alaska","1991",570193,17537.92
"Alaska","1992",588736,16985.54
"Alaska","1993",599432,16682.46
"Alaska","1994",603308,16575.28
"Alaska","1995",604412,16545.01
"Alaska","1996",608569,16431.99
"Alaska","1997",612968,16314.07
"Alaska","1998",619932,16130.8
"Alaska","1999",624779,16005.66
"Alaska","2000",627963,15924.51
"Alaska","2001",633714,15779.99
"Alaska","2002",642337,15568.15
"Alaska","2003",648414,15422.25
"Alaska","2004",659286,15167.92
"Alaska","2005",666946,14993.72
"Alaska","2006",675302,14808.19
"Alaska","2007",680300,14699.4
"Alaska","2008",687455,14546.41
"Alaska","2009",698895,14308.3
"Arizona","1991",3788576,2639.51
"Arizona","1992",3915740,2553.8
"Arizona","1993",4065440,2459.76
"Arizona","1994",4245089,2355.66
"Arizona","1995",4432499,2256.06
"Arizona","1996",4586940,2180.1
"Arizona","1997",4736990,2111.05
"Arizona","1998",4883342,2047.78
"Arizona","1999",5023823,1990.52
"Arizona","2000",5160586,1937.76
"Arizona","2001",5273477,1896.28
"Arizona","2002",5396255,1853.14
"Arizona","2003",5510364,1814.76
"Arizona","2004",5652404,1769.16
"Arizona","2005",5839077,1712.6
"Arizona","2006",6029141,1658.61
"Arizona","2007",6167681,1621.35
"Arizona","2008",6280362,1592.26
"Arizona","2009",6343154,1576.5
"Arkansas","1991",2383144,4196.14
"Arkansas","1992",2415984,4139.1
"Arkansas","1993",2456303,4071.16
"Arkansas","1994",2494019,4009.59
"Arkansas","1995",2535399,3944.15
"Arkansas","1996",2572109,3887.86
"Arkansas","1997",2601090,3844.54
"Arkansas","1998",2626289,3807.65
"Arkansas","1999",2651860,3770.94
"Arkansas","2000",2678588,3733.31
"Arkansas","2001",2691571,3715.3
"Arkansas","2002",2705927,3695.59
"Arkansas","2003",2724816,3669.97
"Arkansas","2004",2749686,3636.78
"Arkansas","2005",2781097,3595.7
"Arkansas","2006",2821761,3543.89
"Arkansas","2007",2848650,3510.43
"Arkansas","2008",2874554,3478.8
"Arkansas","2009",2896843,3452.03
"California","1991",30470736,328.18
"California","1992",30974659,322.84
"California","1993",31274928,319.74
"California","1994",31484435,317.62
"California","1995",31696582,315.49
"California","1996",32018834,312.32
"California","1997",32486010,307.82
"California","1998",32987675,303.14
"California","1999",33499204,298.51
"California","2000",33987977,294.22
"California","2001",34479458,290.03
"California","2002",34871843,286.76
"California","2003",35253159,283.66
"California","2004",35574576,281.1
"California","2005",35827943,279.11
"California","2006",36021202,277.61
"California","2007",36250311,275.86
"California","2008",36604337,273.19
"California","2009",36961229,270.55
"Colorado","1991",3387119,2952.36
"Colorado","1992",3495939,2860.46
"Colorado","1993",3613734,2767.22
"Colorado","1994",3724168,2685.16
"Colorado","1995",3826653,2613.25
"Colorado","1996",3919972,2551.04
"Colorado","1997",4018293,2488.62
"Colorado","1998",4116639,2429.17
"Colorado","1999",4226018,2366.29
"Colorado","2000",4326921,2311.11
"Colorado","2001",4425687,2259.54
"Colorado","2002",4490406,2226.97
"Colorado","2003",4528732,2208.12
"Colorado","2004",4575013,2185.79
"Colorado","2005",4631888,2158.95
"Colorado","2006",4720423,2118.45
"Colorado","2007",4803868,2081.66
"Colorado","2008",4889730,2045.1
"Colorado","2009",4972195,2011.18
"Connecticut","1991",3302895,3027.65
"Connecticut","1992",3300712,3029.65
"Connecticut","1993",3309175,3021.9
"Connecticut","1994",3316121,3015.57
"Connecticut","1995",3324144,3008.29
"Connecticut","1996",3336685,2996.99
"Connecticut","1997",3349348,2985.66
"Connecticut","1998",3365352,2971.46
"Connecticut","1999",3386401,2952.99
"Connecticut","2000",3411777,2931.02
"Connecticut","2001",3432835,2913.04
"Connecticut","2002",3458749,2891.22
"Connecticut","2003",3484336,2869.99
"Connecticut","2004",3496094,2860.33
"Connecticut","2005",3506956,2851.48
"Connecticut","2006",3517460,2842.96
"Connecticut","2007",3527270,2835.05
"Connecticut","2008",3545579,2820.41
"Connecticut","2009",3561807,2807.56
"Delaware","1991",683080,14639.57
"Delaware","1992",694925,14390.04
"Delaware","1993",706378,14156.73
"Delaware","1994",717545,13936.41
"Delaware","1995",729734,13703.62
"Delaware","1996",740977,13495.7
"Delaware","1997",751487,13306.95
"Delaware","1998",763335,13100.41
"Delaware","1999",774990,12903.39
"Delaware","2000",786373,12716.61
"Delaware","2001",795699,12567.57
"Delaware","2002",806169,12404.35
"Delaware","2003",818003,12224.89
"Delaware","2004",830803,12036.55
"Delaware","2005",845150,11832.22
"Delaware","2006",859268,11637.81
"Delaware","2007",871749,11471.19
"Delaware","2008",883874,11313.83
"Delaware","2009",891730,11214.16
"District of Columbia","1991",600870,16642.53
"District of Columbia","1992",597565,16734.58
"District of Columbia","1993",595301,16798.22
"District of Columbia","1994",589239,16971.04
"District of Columbia","1995",580517,17226.02
"District of Columbia","1996",572377,17471
"District of Columbia","1997",567736,17613.82
"District of Columbia","1998",565230,17691.91
"District of Columbia","1999",570213,17537.31
"District of Columbia","2000",572046,17481.11
"District of Columbia","2001",574504,17406.32
"District of Columbia","2002",573158,17447.2
"District of Columbia","2003",568502,17590.09
"District of Columbia","2004",567754,17613.26
"District of Columbia","2005",567136,17632.46
"District of Columbia","2006",570681,17522.92
"District of Columbia","2007",574404,17409.35
"District of Columbia","2008",580236,17234.37
"District of Columbia","2009",592228,16885.39
"Florida","1991",13369798,747.95
"Florida","1992",13650553,732.57
"Florida","1993",13927185,718.02
"Florida","1994",14239444,702.27
"Florida","1995",14537875,687.86
"Florida","1996",14853360,673.25
"Florida","1997",15186304,658.49
"Florida","1998",15486559,645.72
"Florida","1999",15759421,634.54
"Florida","2000",16047515,623.15
"Florida","2001",16356966,611.36
"Florida","2002",16689370,599.18
"Florida","2003",17004085,588.09
"Florida","2004",17415318,574.21
"Florida","2005",17842038,560.47
"Florida","2006",18166990,550.45
"Florida","2007",18367842,544.43
"Florida","2008",18527305,539.74
"Florida","2009",18652644,536.12
"Georgia","1991",6653005,1503.08
"Georgia","1992",6817203,1466.88
"Georgia","1993",6978240,1433.03
"Georgia","1994",7157165,1397.2
"Georgia","1995",7328413,1364.55
"Georgia","1996",7501069,1333.14
"Georgia","1997",7685099,1301.22
"Georgia","1998",7863536,1271.69
"Georgia","1999",8045965,1242.86
"Georgia","2000",8227303,1215.47
"Georgia","2001",8377038,1193.74
"Georgia","2002",8508256,1175.33
"Georgia","2003",8622793,1159.72
"Georgia","2004",8769252,1140.35
"Georgia","2005",8925922,1120.33
"Georgia","2006",9155813,1092.2
"Georgia","2007",9349988,1069.52
"Georgia","2008",9504843,1052.1
"Georgia","2009",9620846,1039.41
"Hawaii","1991",1136754,8796.98
"Hawaii","1992",1158613,8631.01
"Hawaii","1993",1172838,8526.33
"Hawaii","1994",1187536,8420.8
"Hawaii","1995",1196854,8355.24
"Hawaii","1996",1203755,8307.34
"Hawaii","1997",1211640,8253.28
"Hawaii","1998",1215233,8228.87
"Hawaii","1999",1210300,8262.41
"Hawaii","2000",1213519,8240.5
"Hawaii","2001",1225948,8156.95
"Hawaii","2002",1239613,8067.03
"Hawaii","2003",1251154,7992.62
"Hawaii","2004",1273569,7851.95
"Hawaii","2005",1292729,7735.57
"Hawaii","2006",1309731,7635.16
"Hawaii","2007",1315675,7600.66
"Hawaii","2008",1332213,7506.31
"Hawaii","2009",1346717,7425.47
"Idaho","1991",1041316,9603.23
"Idaho","1992",1071685,9331.1
"Idaho","1993",1108768,9019.02
"Idaho","1994",1145140,8732.56
"Idaho","1995",1177322,8493.85
"Idaho","1996",1203083,8311.98
"Idaho","1997",1228520,8139.88
"Idaho","1998",1252330,7985.12
"Idaho","1999",1275674,7838.99
"Idaho","2000",1299430,7695.68
"Idaho","2001",1319962,7575.98
"Idaho","2002",1340372,7460.62
"Idaho","2003",1363380,7334.71
"Idaho","2004",1391802,7184.93
"Idaho","2005",1428241,7001.62
"Idaho","2006",1468669,6808.89
"Idaho","2007",1505105,6644.05
"Idaho","2008",1534320,6517.55
"Idaho","2009",1554439,6433.19
"Illinois","1991",11568964,864.38
"Illinois","1992",11694184,855.13
"Illinois","1993",11809579,846.77
"Illinois","1994",11912585,839.45
"Illinois","1995",12008437,832.75
"Illinois","1996",12101997,826.31
"Illinois","1997",12185715,820.63
"Illinois","1998",12271847,814.87
"Illinois","1999",12359020,809.13
"Illinois","2000",12434161,804.24
"Illinois","2001",12488445,800.74
"Illinois","2002",12525556,798.37
"Illinois","2003",12556006,796.43
"Illinois","2004",12589773,794.3
"Illinois","2005",12609903,793.03
"Illinois","2006",12643955,790.89
"Illinois","2007",12695866,787.66
"Illinois","2008",12747038,784.5
"Illinois","2009",12796778,781.45
"Indiana","1991",5616388,1780.5
"Indiana","1992",5674547,1762.26
"Indiana","1993",5739019,1742.46
"Indiana","1994",5793526,1726.06
"Indiana","1995",5851459,1708.98
"Indiana","1996",5906013,1693.19
"Indiana","1997",5955267,1679.19
"Indiana","1998",5998880,1666.98
"Indiana","1999",6044969,1654.27
"Indiana","2000",6091866,1641.53
"Indiana","2001",6127760,1631.92
"Indiana","2002",6155967,1624.44
"Indiana","2003",6196638,1613.78
"Indiana","2004",6233007,1604.36
"Indiana","2005",6278616,1592.71
"Indiana","2006",6332669,1579.11
"Indiana","2007",6379599,1567.5
"Indiana","2008",6424806,1556.47
"Indiana","2009",6459325,1548.15
"Iowa","1991",2797613,3574.48
"Iowa","1992",2818401,3548.11
"Iowa","1993",2836972,3524.88
"Iowa","1994",2850746,3507.85
"Iowa","1995",2867373,3487.51
"Iowa","1996",2880000,3472.22
"Iowa","1997",2891119,3458.87
"Iowa","1998",2902872,3444.86
"Iowa","1999",2917634,3427.43
"Iowa","2000",2929067,3414.06
"Iowa","2001",2931997,3410.64
"Iowa","2002",2934234,3408.04
"Iowa","2003",2941999,3399.05
"Iowa","2004",2953635,3385.66
"Iowa","2005",2964454,3373.3
"Iowa","2006",2982644,3352.73
"Iowa","2007",2999212,3334.21
"Iowa","2008",3016734,3314.84
"Iowa","2009",3032870,3297.21
"Kansas","1991",2498722,4002.05
"Kansas","1992",2532394,3948.83
"Kansas","1993",2556547,3911.53
"Kansas","1994",2580513,3875.2
"Kansas","1995",2601007,3844.66
"Kansas","1996",2614554,3824.74
"Kansas","1997",2635292,3794.65
"Kansas","1998",2660598,3758.55
"Kansas","1999",2678338,3733.66
"Kansas","2000",2693681,3712.39
"Kansas","2001",2702162,3700.74
"Kansas","2002",2713535,3685.23
"Kansas","2003",2723004,3672.41
"Kansas","2004",2734373,3657.15
"Kansas","2005",2745299,3642.59
"Kansas","2006",2762931,3619.34
"Kansas","2007",2783785,3592.23
"Kansas","2008",2808076,3561.16
"Kansas","2009",2832704,3530.2
"Kentucky","1991",3722328,2686.49
"Kentucky","1992",3765469,2655.71
"Kentucky","1993",3812206,2623.15
"Kentucky","1994",3849088,2598.02
"Kentucky","1995",3887427,2572.4
"Kentucky","1996",3919535,2551.32
"Kentucky","1997",3952747,2529.89
"Kentucky","1998",3985390,2509.16
"Kentucky","1999",4018053,2488.77
"Kentucky","2000",4049021,2469.73
"Kentucky","2001",4068132,2458.13
"Kentucky","2002",4089875,2445.06
"Kentucky","2003",4117170,2428.85
"Kentucky","2004",4146101,2411.9
"Kentucky","2005",4182742,2390.78
"Kentucky","2006",4219239,2370.1
"Kentucky","2007",4256672,2349.25
"Kentucky","2008",4289878,2331.07
"Kentucky","2009",4317074,2316.38
"Louisiana","1991",4253279,2351.13
"Louisiana","1992",4293003,2329.37
"Louisiana","1993",4316428,2316.73
"Louisiana","1994",4347481,2300.18
"Louisiana","1995",4378779,2283.74
"Louisiana","1996",4398877,2273.31
"Louisiana","1997",4421071,2261.9
"Louisiana","1998",4440344,2252.08
"Louisiana","1999",4460811,2241.74
"Louisiana","2000",4471885,2236.19
"Louisiana","2001",4477875,2233.2
"Louisiana","2002",4497267,2223.57
"Louisiana","2003",4521042,2211.88
"Louisiana","2004",4552238,2196.72
"Louisiana","2005",4576628,2185.01
"Louisiana","2006",4302665,2324.14
"Louisiana","2007",4375581,2285.41
"Louisiana","2008",4435586,2254.49
"Louisiana","2009",4491648,2226.35
"Maine","1991",1237081,8083.55
"Maine","1992",1238508,8074.23
"Maine","1993",1242302,8049.57
"Maine","1994",1242662,8047.24
"Maine","1995",1243480,8041.95
"Maine","1996",1249060,8006.02
"Maine","1997",1254774,7969.56
"Maine","1998",1259127,7942.01
"Maine","1999",1266808,7893.86
"Maine","2000",1277072,7830.41
"Maine","2001",1285692,7777.91
"Maine","2002",1295960,7716.29
"Maine","2003",1306513,7653.96
"Maine","2004",1313688,7612.16
"Maine","2005",1318787,7582.73
"Maine","2006",1323619,7555.04
"Maine","2007",1327040,7535.57
"Maine","2008",1330509,7515.92
"Maine","2009",1329590,7521.12
"Maryland","1991",4867641,2054.38
"Maryland","1992",4923368,2031.13
"Maryland","1993",4971889,2011.31
"Maryland","1994",5023060,1990.82
"Maryland","1995",5070033,1972.37
"Maryland","1996",5111986,1956.19
"Maryland","1997",5157328,1938.99
"Maryland","1998",5204464,1921.43
"Maryland","1999",5254509,1903.13
"Maryland","2000",5311034,1882.87
"Maryland","2001",5374691,1860.57
"Maryland","2002",5440389,1838.1
"Maryland","2003",5496269,1819.42
"Maryland","2004",5546935,1802.8
"Maryland","2005",5592379,1788.15
"Maryland","2006",5627367,1777.03
"Maryland","2007",5653408,1768.84
"Maryland","2008",5684965,1759.03
"Maryland","2009",5730388,1745.08
"Massachusetts","1991",6018470,1661.55
"Massachusetts","1992",6028709,1658.73
"Massachusetts","1993",6060569,1650.01
"Massachusetts","1994",6095241,1640.62
"Massachusetts","1995",6141445,1628.28
"Massachusetts","1996",6179756,1618.19
"Massachusetts","1997",6226058,1606.15
"Massachusetts","1998",6271838,1594.43
"Massachusetts","1999",6317345,1582.94
"Massachusetts","2000",6361104,1572.05
"Massachusetts","2001",6397634,1563.08
"Massachusetts","2002",6417206,1558.31
"Massachusetts","2003",6422565,1557.01
"Massachusetts","2004",6412281,1559.51
"Massachusetts","2005",6403290,1561.7
"Massachusetts","2006",6410084,1560.04
"Massachusetts","2007",6431559,1554.83
"Massachusetts","2008",6468967,1545.84
"Massachusetts","2009",6517613,1534.3
"Michigan","1991",9400446,1063.78
"Michigan","1992",9479065,1054.96
"Michigan","1993",9540114,1048.21
"Michigan","1994",9597737,1041.91
"Michigan","1995",9676211,1033.46
"Michigan","1996",9758645,1024.73
"Michigan","1997",9809051,1019.47
"Michigan","1998",9847942,1015.44
"Michigan","1999",9897116,1010.4
"Michigan","2000",9952450,1004.78
"Michigan","2001",9991120,1000.89
"Michigan","2002",10015710,998.43
"Michigan","2003",10041152,995.9
"Michigan","2004",10055315,994.5
"Michigan","2005",10051137,994.91
"Michigan","2006",10036081,996.4
"Michigan","2007",10001284,999.87
"Michigan","2008",9946889,1005.34
"Michigan","2009",9901591,1009.94
"Minnesota","1991",4440859,2251.82
"Minnesota","1992",4495572,2224.41
"Minnesota","1993",4555954,2194.93
"Minnesota","1994",4610355,2169.03
"Minnesota","1995",4660180,2145.84
"Minnesota","1996",4712827,2121.87
"Minnesota","1997",4763390,2099.35
"Minnesota","1998",4813412,2077.53
"Minnesota","1999",4873481,2051.92
"Minnesota","2000",4933692,2026.88
"Minnesota","2001",4982796,2006.91
"Minnesota","2002",5018935,1992.45
"Minnesota","2003",5053572,1978.8
"Minnesota","2004",5087713,1965.52
"Minnesota","2005",5119598,1953.28
"Minnesota","2006",5163555,1936.65
"Minnesota","2007",5207203,1920.42
"Minnesota","2008",5247018,1905.84
"Minnesota","2009",5281203,1893.51
"Mississippi","1991",2598733,3848.03
"Mississippi","1992",2623734,3811.36
"Mississippi","1993",2655100,3766.34
"Mississippi","1994",2688992,3718.87
"Mississippi","1995",2722659,3672.88
"Mississippi","1996",2748085,3638.9
"Mississippi","1997",2777004,3601
"Mississippi","1998",2804834,3565.27
"Mississippi","1999",2828408,3535.56
"Mississippi","2000",2848353,3510.8
"Mississippi","2001",2852994,3505.09
"Mississippi","2002",2858681,3498.12
"Mississippi","2003",2868312,3486.37
"Mississippi","2004",2889010,3461.39
"Mississippi","2005",2905943,3441.22
"Mississippi","2006",2904978,3442.37
"Mississippi","2007",2928350,3414.89
"Mississippi","2008",2947806,3392.35
"Mississippi","2009",2958774,3379.78
"Missouri","1991",5170800,1933.94
"Missouri","1992",5217101,1916.77
"Missouri","1993",5271175,1897.11
"Missouri","1994",5324497,1878.11
"Missouri","1995",5378247,1859.34
"Missouri","1996",5431553,1841.09
"Missouri","1997",5481193,1824.42
"Missouri","1998",5521765,1811.02
"Missouri","1999",5561948,1797.93
"Missouri","2000",5607285,1783.39
"Missouri","2001",5641142,1772.69
"Missouri","2002",5674825,1762.17
"Missouri","2003",5709403,1751.5
"Missouri","2004",5747741,1739.81
"Missouri","2005",5790300,1727.03
"Missouri","2006",5842704,1711.54
"Missouri","2007",5887612,1698.48
"Missouri","2008",5923916,1688.07
"Missouri","2009",5961088,1677.55
"Montana","1991",809680,12350.56
"Montana","1992",825770,12109.91
"Montana","1993",844761,11837.67
"Montana","1994",861306,11610.28
"Montana","1995",876553,11408.32
"Montana","1996",886254,11283.45
"Montana","1997",889865,11237.66
"Montana","1998",892431,11205.35
"Montana","1999",897507,11141.97
"Montana","2000",903773,11064.73
"Montana","2001",906961,11025.83
"Montana","2002",911667,10968.92
"Montana","2003",919630,10873.94
"Montana","2004",930009,10752.58
"Montana","2005",940102,10637.14
"Montana","2006",952692,10496.57
"Montana","2007",964706,10365.85
"Montana","2008",976415,10241.55
"Montana","2009",983982,10162.79
"Nebraska","1991",1595919,6265.98
"Nebraska","1992",1611687,6204.68
"Nebraska","1993",1625590,6151.61
"Nebraska","1994",1639041,6101.13
"Nebraska","1995",1656992,6035.03
"Nebraska","1996",1673740,5974.64
"Nebraska","1997",1686418,5929.73
"Nebraska","1998",1695816,5896.87
"Nebraska","1999",1704764,5865.91
"Nebraska","2000",1713820,5834.92
"Nebraska","2001",1719836,5814.51
"Nebraska","2002",1728292,5786.06
"Nebraska","2003",1738643,5751.61
"Nebraska","2004",1749370,5716.34
"Nebraska","2005",1761497,5676.99
"Nebraska","2006",1772693,5641.13
"Nebraska","2007",1783440,5607.14
"Nebraska","2008",1796378,5566.76
"Nebraska","2009",1812683,5516.68
"Nevada","1991",1296171,7715.03
"Nevada","1992",1351367,7399.91
"Nevada","1993",1411215,7086.09
"Nevada","1994",1499298,6669.79
"Nevada","1995",1581578,6322.8
"Nevada","1996",1666320,6001.25
"Nevada","1997",1764104,5668.6
"Nevada","1998",1853191,5396.1
"Nevada","1999",1934718,5168.71
"Nevada","2000",2018741,4953.58
"Nevada","2001",2098399,4765.54
"Nevada","2002",2173791,4600.26
"Nevada","2003",2248850,4446.72
"Nevada","2004",2346222,4262.17
"Nevada","2005",2432143,4111.6
"Nevada","2006",2522658,3964.07
"Nevada","2007",2601072,3844.57
"Nevada","2008",2653630,3768.42
"Nevada","2009",2684665,3724.86
"New Hampshire","1991",1109929,9009.59
"New Hampshire","1992",1117784,8946.27
"New Hampshire","1993",1129458,8853.8
"New Hampshire","1994",1142560,8752.28
"New Hampshire","1995",1157561,8638.85
"New Hampshire","1996",1174719,8512.67
"New Hampshire","1997",1189425,8407.42
"New Hampshire","1998",1205940,8292.29
"New Hampshire","1999",1222014,8183.21
"New Hampshire","2000",1239882,8065.28
"New Hampshire","2001",1255517,7964.85
"New Hampshire","2002",1269089,7879.67
"New Hampshire","2003",1279840,7813.48
"New Hampshire","2004",1290121,7751.21
"New Hampshire","2005",1298492,7701.24
"New Hampshire","2006",1308389,7642.99
"New Hampshire","2007",1312540,7618.82
"New Hampshire","2008",1315906,7599.33
"New Hampshire","2009",1316102,7598.2
"New Jersey","1991",7814676,1279.64
"New Jersey","1992",7880508,1268.95
"New Jersey","1993",7948915,1258.03
"New Jersey","1994",8014306,1247.77
"New Jersey","1995",8083242,1237.13
"New Jersey","1996",8149596,1227.05
"New Jersey","1997",8218808,1216.72
"New Jersey","1998",8287418,1206.65
"New Jersey","1999",8359592,1196.23
"New Jersey","2000",8430621,1186.15
"New Jersey","2001",8492671,1177.49
"New Jersey","2002",8552643,1169.23
"New Jersey","2003",8601402,1162.6
"New Jersey","2004",8634561,1158.14
"New Jersey","2005",8651974,1155.81
"New Jersey","2006",8661679,1154.51
"New Jersey","2007",8677885,1152.35
"New Jersey","2008",8711090,1147.96
"New Jersey","2009",8755602,1142.13
"New Mexico","1991",1555305,6429.61
"New Mexico","1992",1595442,6267.86
"New Mexico","1993",1636453,6110.78
"New Mexico","1994",1682398,5943.9
"New Mexico","1995",1720394,5812.62
"New Mexico","1996",1752326,5706.7
"New Mexico","1997",1774839,5634.31
"New Mexico","1998",1793484,5575.74
"New Mexico","1999",1808082,5530.72
"New Mexico","2000",1821204,5490.87
"New Mexico","2001",1831690,5459.44
"New Mexico","2002",1855309,5389.94
"New Mexico","2003",1877574,5326.02
"New Mexico","2004",1903808,5252.63
"New Mexico","2005",1932274,5175.25
"New Mexico","2006",1962137,5096.48
"New Mexico","2007",1990070,5024.95
"New Mexico","2008",2010662,4973.49
"New Mexico","2009",2036802,4909.66
"New York","1991",18122510,551.8
"New York","1992",18246653,548.05
"New York","1993",18374954,544.22
"New York","1994",18459470,541.73
"New York","1995",18524104,539.84
"New York","1996",18588460,537.97
"New York","1997",18656546,536
"New York","1998",18755906,533.17
"New York","1999",18882725,529.58
"New York","2000",19001780,526.27
"New York","2001",19082838,524.03
"New York","2002",19137800,522.53
"New York","2003",19175939,521.49
"New York","2004",19171567,521.61
"New York","2005",19132610,522.67
"New York","2006",19104631,523.43
"New York","2007",19132335,522.68
"New York","2008",19212436,520.5
"New York","2009",19307066,517.95
"North Carolina","1991",6784280,1474
"North Carolina","1992",6897214,1449.86
"North Carolina","1993",7042818,1419.89
"North Carolina","1994",7187398,1391.32
"North Carolina","1995",7344674,1361.53
"North Carolina","1996",7500670,1333.21
"North Carolina","1997",7656825,1306.02
"North Carolina","1998",7809121,1280.55
"North Carolina","1999",7949361,1257.96
"North Carolina","2000",8081614,1237.38
"North Carolina","2001",8210122,1218.01
"North Carolina","2002",8326201,1201.03
"North Carolina","2003",8422501,1187.3
"North Carolina","2004",8553152,1169.16
"North Carolina","2005",8705407,1148.71
"North Carolina","2006",8917270,1121.42
"North Carolina","2007",9118037,1096.73
"North Carolina","2008",9309449,1074.18
"North Carolina","2009",9449566,1058.25
"North Dakota","1991",635753,15729.38
"North Dakota","1992",638223,15668.5
"North Dakota","1993",641216,15595.37
"North Dakota","1994",644804,15508.59
"North Dakota","1995",647832,15436.1
"North Dakota","1996",650382,15375.58
"North Dakota","1997",649716,15391.34
"North Dakota","1998",647532,15443.25
"North Dakota","1999",644259,15521.71
"North Dakota","2000",642023,15575.77
"North Dakota","2001",639062,15647.93
"North Dakota","2002",638168,15669.85
"North Dakota","2003",638817,15653.94
"North Dakota","2004",644705,15510.97
"North Dakota","2005",646089,15477.74
"North Dakota","2006",649422,15398.31
"North Dakota","2007",652822,15318.11
"North Dakota","2008",657569,15207.53
"North Dakota","2009",664968,15038.32
"Ohio","1991",10945762,913.6
"Ohio","1992",11029431,906.67
"Ohio","1993",11101140,900.81
"Ohio","1994",11152454,896.66
"Ohio","1995",11202751,892.64
"Ohio","1996",11242827,889.46
"Ohio","1997",11277357,886.73
"Ohio","1998",11311536,884.05
"Ohio","1999",11335454,882.19
"Ohio","2000",11363543,880.01
"Ohio","2001",11387404,878.16
"Ohio","2002",11407889,876.59
"Ohio","2003",11434788,874.52
"Ohio","2004",11452251,873.19
"Ohio","2005",11463320,872.35
"Ohio","2006",11481213,870.99
"Ohio","2007",11500468,869.53
"Ohio","2008",11515391,868.4
"Ohio","2009",11528896,867.39
"Oklahoma","1991",3175440,3149.17
"Oklahoma","1992",3220517,3105.09
"Oklahoma","1993",3252285,3074.76
"Oklahoma","1994",3280940,3047.91
"Oklahoma","1995",3308208,3022.78
"Oklahoma","1996",3340129,2993.9
"Oklahoma","1997",3372917,2964.79
"Oklahoma","1998",3405194,2936.69
"Oklahoma","1999",3437147,2909.39
"Oklahoma","2000",3454365,2894.89
"Oklahoma","2001",3467100,2884.25
"Oklahoma","2002",3489080,2866.09
"Oklahoma","2003",3504892,2853.15
"Oklahoma","2004",3525233,2836.69
"Oklahoma","2005",3548597,2818.02
"Oklahoma","2006",3594090,2782.35
"Oklahoma","2007",3634349,2751.52
"Oklahoma","2008",3668976,2725.56
"Oklahoma","2009",3717572,2689.93
"Oregon","1991",2928507,3414.71
"Oregon","1992",2991755,3342.52
"Oregon","1993",3060367,3267.58
"Oregon","1994",3121264,3203.83
"Oregon","1995",3184369,3140.34
"Oregon","1996",3247111,3079.66
"Oregon","1997",3304310,3026.35
"Oregon","1998",3352449,2982.89
"Oregon","1999",3393941,2946.43
"Oregon","2000",3429708,2915.7
"Oregon","2001",3467937,2883.56
"Oregon","2002",3513424,2846.23
"Oregon","2003",3547376,2818.99
"Oregon","2004",3569463,2801.54
"Oregon","2005",3613202,2767.63
"Oregon","2006",3670883,2724.14
"Oregon","2007",3722417,2686.43
"Oregon","2008",3768748,2653.4
"Oregon","2009",3808600,2625.64
"Pennsylvania","1991",11982164,834.57
"Pennsylvania","1992",12049450,829.91
"Pennsylvania","1993",12119724,825.1
"Pennsylvania","1994",12166050,821.96
"Pennsylvania","1995",12198403,819.78
"Pennsylvania","1996",12220464,818.3
"Pennsylvania","1997",12227814,817.81
"Pennsylvania","1998",12245672,816.62
"Pennsylvania","1999",12263805,815.41
"Pennsylvania","2000",12284173,814.06
"Pennsylvania","2001",12298970,813.08
"Pennsylvania","2002",12331031,810.96
"Pennsylvania","2003",12374658,808.1
"Pennsylvania","2004",12410722,805.75
"Pennsylvania","2005",12449990,803.21
"Pennsylvania","2006",12510809,799.31
"Pennsylvania","2007",12563937,795.93
"Pennsylvania","2008",12612285,792.88
"Pennsylvania","2009",12666858,789.46
"Rhode Island","1991",1010649,9894.63
"Rhode Island","1992",1012581,9875.75
"Rhode Island","1993",1015112,9851.13
"Rhode Island","1994",1015960,9842.91
"Rhode Island","1995",1017002,9832.82
"Rhode Island","1996",1020893,9795.35
"Rhode Island","1997",1025353,9752.74
"Rhode Island","1998",1031155,9697.86
"Rhode Island","1999",1040402,9611.67
"Rhode Island","2000",1050268,9521.38
"Rhode Island","2001",1057142,9459.47
"Rhode Island","2002",1065995,9380.91
"Rhode Island","2003",1071342,9334.09
"Rhode Island","2004",1074579,9305.97
"Rhode Island","2005",1067916,9364.03
"Rhode Island","2006",1063096,9406.49
"Rhode Island","2007",1057315,9457.92
"Rhode Island","2008",1055003,9478.65
"Rhode Island","2009",1053646,9490.85
"South Carolina","1991",3570404,2800.8
"South Carolina","1992",3620464,2762.08
"South Carolina","1993",3663314,2729.77
"South Carolina","1994",3705397,2698.77
"South Carolina","1995",3748582,2667.68
"South Carolina","1996",3796200,2634.21
"South Carolina","1997",3859696,2590.88
"South Carolina","1998",3919235,2551.52
"South Carolina","1999",3974682,2515.92
"South Carolina","2000",4024223,2484.95
"South Carolina","2001",4064995,2460.03
"South Carolina","2002",4107795,2434.4
"South Carolina","2003",4150297,2409.47
"South Carolina","2004",4210921,2374.78
"South Carolina","2005",4270150,2341.84
"South Carolina","2006",4357847,2294.71
"South Carolina","2007",4444110,2250.17
"South Carolina","2008",4528996,2207.99
"South Carolina","2009",4589872,2178.71
"South Dakota","1991",703669,14211.23
"South Dakota","1992",712801,14029.16
"South Dakota","1993",722159,13847.37
"South Dakota","1994",730790,13683.82
"South Dakota","1995",737925,13551.51
"South Dakota","1996",742213,13473.22
"South Dakota","1997",744223,13436.83
"South Dakota","1998",746058,13403.78
"South Dakota","1999",750412,13326.01
"South Dakota","2000",755844,13230.24
"South Dakota","2001",757972,13193.1
"South Dakota","2002",760020,13157.55
"South Dakota","2003",763729,13093.65
"South Dakota","2004",770396,12980.34
"South Dakota","2005",775493,12895.02
"South Dakota","2006",783033,12770.85
"South Dakota","2007",791623,12632.28
"South Dakota","2008",799124,12513.7
"South Dakota","2009",807067,12390.55
"Tennessee","1991",4966587,2013.46
"Tennessee","1992",5049742,1980.3
"Tennessee","1993",5137584,1946.44
"Tennessee","1994",5231438,1911.52
"Tennessee","1995",5326936,1877.25
"Tennessee","1996",5416643,1846.16
"Tennessee","1997",5499233,1818.44
"Tennessee","1998",5570045,1795.32
"Tennessee","1999",5638706,1773.46
"Tennessee","2000",5703719,1753.24
"Tennessee","2001",5750789,1738.89
"Tennessee","2002",5795918,1725.35
"Tennessee","2003",5847812,1710.04
"Tennessee","2004",5910809,1691.82
"Tennessee","2005",5991057,1669.15
"Tennessee","2006",6088766,1642.37
"Tennessee","2007",6175727,1619.24
"Tennessee","2008",6247411,1600.66
"Tennessee","2009",6306019,1585.79
"Texas","1991",17398005,574.78
"Texas","1992",17759738,563.07
"Texas","1993",18161612,550.61
"Texas","1994",18564062,538.68
"Texas","1995",18958751,527.46
"Texas","1996",19340342,517.05
"Texas","1997",19740317,506.58
"Texas","1998",20157531,496.09
"Texas","1999",20558220,486.42
"Texas","2000",20944499,477.45
"Texas","2001",21319622,469.05
"Texas","2002",21690325,461.04
"Texas","2003",22030931,453.91
"Texas","2004",22394023,446.55
"Texas","2005",22778123,439.02
"Texas","2006",23359580,428.09
"Texas","2007",23831983,419.6
"Texas","2008",24309039,411.37
"Texas","2009",24801761,403.2
"Utah","1991",1779780,5618.67
"Utah","1992",1836799,5444.25
"Utah","1993",1898404,5267.58
"Utah","1994",1960446,5100.88
"Utah","1995",2014177,4964.81
"Utah","1996",2067976,4835.65
"Utah","1997",2119784,4717.46
"Utah","1998",2165960,4616.89
"Utah","1999",2203482,4538.27
"Utah","2000",2244502,4455.33
"Utah","2001",2283715,4378.83
"Utah","2002",2324815,4301.42
"Utah","2003",2360137,4237.04
"Utah","2004",2401580,4163.93
"Utah","2005",2457719,4068.81
"Utah","2006",2525507,3959.6
"Utah","2007",2597746,3849.49
"Utah","2008",2663029,3755.12
"Utah","2009",2723421,3671.85
"Vermont","1991",568606,17586.87
"Vermont","1992",572751,17459.59
"Vermont","1993",577748,17308.58
"Vermont","1994",583836,17128.1
"Vermont","1995",589002,16977.87
"Vermont","1996",593701,16843.5
"Vermont","1997",597239,16743.72
"Vermont","1998",600416,16655.12
"Vermont","1999",604683,16537.59
"Vermont","2000",609618,16403.72
"Vermont","2001",612223,16333.92
"Vermont","2002",615442,16248.48
"Vermont","2003",617858,16184.95
"Vermont","2004",619920,16131.11
"Vermont","2005",621215,16097.49
"Vermont","2006",622892,16054.15
"Vermont","2007",623481,16038.98
"Vermont","2008",624151,16021.76
"Vermont","2009",624817,16004.69
"Virginia","1991",6301217,1587
"Virginia","1992",6414307,1559.01
"Virginia","1993",6509630,1536.19
"Virginia","1994",6593139,1516.73
"Virginia","1995",6670693,1499.09
"Virginia","1996",6750884,1481.29
"Virginia","1997",6829183,1464.3
"Virginia","1998",6900918,1449.08
"Virginia","1999",7000174,1428.54
"Virginia","2000",7105817,1407.3
"Virginia","2001",7198362,1389.2
"Virginia","2002",7286873,1372.33
"Virginia","2003",7366977,1357.41
"Virginia","2004",7475575,1337.69
"Virginia","2005",7577105,1319.77
"Virginia","2006",7673725,1303.15
"Virginia","2007",7751000,1290.16
"Virginia","2008",7833496,1276.57
"Virginia","2009",7925937,1261.68
"Washington","1991",5025624,1989.8
"Washington","1992",5160757,1937.7
"Washington","1993",5278842,1894.35
"Washington","1994",5375161,1860.41
"Washington","1995",5481027,1824.48
"Washington","1996",5569753,1795.41
"Washington","1997",5674747,1762.19
"Washington","1998",5769562,1733.23
"Washington","1999",5842564,1711.58
"Washington","2000",5910512,1691.9
"Washington","2001",5985722,1670.64
"Washington","2002",6052349,1652.25
"Washington","2003",6104115,1638.24
"Washington","2004",6178645,1618.48
"Washington","2005",6257305,1598.13
"Washington","2006",6370753,1569.67
"Washington","2007",6461587,1547.61
"Washington","2008",6562231,1523.87
"Washington","2009",6667426,1499.83
"West Virginia","1991",1798735,5559.46
"West Virginia","1992",1806451,5535.72
"West Virginia","1993",1817539,5501.95
"West Virginia","1994",1820421,5493.23
"West Virginia","1995",1823700,5483.36
"West Virginia","1996",1822808,5486.04
"West Virginia","1997",1819113,5497.18
"West Virginia","1998",1815609,5507.79
"West Virginia","1999",1811799,5519.38
"West Virginia","2000",1807021,5533.97
"West Virginia","2001",1801481,5550.99
"West Virginia","2002",1805414,5538.9
"West Virginia","2003",1812295,5517.87
"West Virginia","2004",1816438,5505.28
"West Virginia","2005",1820492,5493.02
"West Virginia","2006",1827912,5470.72
"West Virginia","2007",1834052,5452.41
"West Virginia","2008",1840310,5433.87
"West Virginia","2009",1847775,5411.91
"Wisconsin","1991",4964343,2014.37
"Wisconsin","1992",5025398,1989.89
"Wisconsin","1993",5084889,1966.61
"Wisconsin","1994",5133678,1947.92
"Wisconsin","1995",5184836,1928.7
"Wisconsin","1996",5229986,1912.05
"Wisconsin","1997",5266213,1898.9
"Wisconsin","1998",5297672,1887.62
"Wisconsin","1999",5332666,1875.23
"Wisconsin","2000",5373999,1860.81
"Wisconsin","2001",5406835,1849.51
"Wisconsin","2002",5445162,1836.49
"Wisconsin","2003",5479203,1825.08
"Wisconsin","2004",5514026,1813.56
"Wisconsin","2005",5546166,1803.05
"Wisconsin","2006",5577655,1792.87
"Wisconsin","2007",5610775,1782.28
"Wisconsin","2008",5640996,1772.74
"Wisconsin","2009",5669264,1763.9
"Wyoming","1991",459260,21774.16
"Wyoming","1992",466251,21447.68
"Wyoming","1993",473081,21138.03
"Wyoming","1994",480283,20821.06
"Wyoming","1995",485160,20611.76
"Wyoming","1996",488167,20484.79
"Wyoming","1997",489451,20431.05
"Wyoming","1998",490787,20375.44
"Wyoming","1999",491780,20334.3
"Wyoming","2000",494300,20230.63
"Wyoming","2001",494657,20216.03
"Wyoming","2002",500017,19999.32
"Wyoming","2003",503453,19862.83
"Wyoming","2004",509106,19642.27
"Wyoming","2005",514157,19449.31
"Wyoming","2006",522667,19132.64
"Wyoming","2007",534876,18695.92
"Wyoming","2008",546043,18313.58
"Wyoming","2009",559851,17861.9
"New England","1991",13247630,754.85
"New England","1992",13271045,753.52
"New England","1993",13334364,749.94
"New England","1994",13396380,746.47
"New England","1995",13472634,742.25
"New England","1996",13554814,737.75
"New England","1997",13642197,733.02
"New England","1998",13733828,728.13
"New England","1999",13837653,722.67
"New England","2000",13949721,716.86
"New England","2001",14041043,712.2
"New England","2002",14122441,708.09
"New England","2003",14182454,705.1
"New England","2004",14206683,703.89
"New England","2005",14216656,703.4
"New England","2006",14245540,701.97
"New England","2007",14279205,700.32
"New England","2008",14340115,697.34
"New England","2009",14403575,694.27
"Mideast","1991",44070941,226.91
"Mideast","1992",44392469,225.26
"Mideast","1993",44717161,223.63
"Mideast","1994",44969670,222.37
"Mideast","1995",45186033,221.31
"Mideast","1996",45383860,220.34
"Mideast","1997",45579719,219.4
"Mideast","1998",45822025,218.24
"Mideast","1999",46105834,216.89
"Mideast","2000",46386027,215.58
"Mideast","2001",46619373,214.5
"Mideast","2002",46841190,213.49
"Mideast","2003",47034773,212.61
"Mideast","2004",47162342,212.03
"Mideast","2005",47239239,211.69
"Mideast","2006",47334435,211.26
"Mideast","2007",47473718,210.64
"Mideast","2008",47684886,209.71
"Mideast","2009",47943872,208.58
"Great Lakes","1991",42495903,235.32
"Great Lakes","1992",42902625,233.09
"Great Lakes","1993",43274741,231.08
"Great Lakes","1994",43589980,229.41
"Great Lakes","1995",43923694,227.67
"Great Lakes","1996",44239468,226.04
"Great Lakes","1997",44493603,224.75
"Great Lakes","1998",44727877,223.57
"Great Lakes","1999",44969225,222.37
"Great Lakes","2000",45216019,221.16
"Great Lakes","2001",45401564,220.26
"Great Lakes","2002",45550284,219.54
"Great Lakes","2003",45707787,218.78
"Great Lakes","2004",45844372,218.13
"Great Lakes","2005",45949142,217.63
"Great Lakes","2006",46071573,217.05
"Great Lakes","2007",46187992,216.51
"Great Lakes","2008",46275120,216.1
"Great Lakes","2009",46355854,215.72
"Plains","1991",17843335,560.43
"Plains","1992",18026179,554.75
"Plains","1993",18209613,549.16
"Plains","1994",18380746,544.05
"Plains","1995",18549556,539.1
"Plains","1996",18705269,534.61
"Plains","1997",18851351,530.47
"Plains","1998",18988053,526.65
"Plains","1999",19130836,522.72
"Plains","2000",19275412,518.8
"Plains","2001",19374967,516.13
"Plains","2002",19468009,513.66
"Plains","2003",19569167,511.01
"Plains","2004",19687933,507.93
"Plains","2005",19802730,504.98
"Plains","2006",19956982,501.08
"Plains","2007",20105697,497.37
"Plains","2008",20248815,493.86
"Plains","2009",20392583,490.37
"Southeast","1991",60500666,165.29
"Southeast","1992",61508138,162.58
"Southeast","1993",62530549,159.92
"Southeast","1994",63574211,157.3
"Southeast","1995",64601937,154.79
"Southeast","1996",65611342,152.41
"Southeast","1997",66655300,150.03
"Southeast","1998",67626581,147.87
"Southeast","1999",68569381,145.84
"Southeast","2000",69497232,143.89
"Southeast","2001",70317959,142.21
"Southeast","2002",71151666,140.54
"Southeast","2003",71961591,138.96
"Southeast","2004",73019229,136.95
"Southeast","2005",74148386,134.86
"Southeast","2006",75065947,133.22
"Southeast","2007",76122849,131.37
"Southeast","2008",77057840,129.77
"Southeast","2009",77814936,128.51
"Southwest","1991",25917326,385.84
"Southwest","1992",26491437,377.48
"Southwest","1993",27115790,368.79
"Southwest","1994",27772489,360.07
"Southwest","1995",28419852,351.87
"Southwest","1996",29019737,344.59
"Southwest","1997",29625063,337.55
"Southwest","1998",30239551,330.69
"Southwest","1999",30827272,324.39
"Southwest","2000",31380654,318.67
"Southwest","2001",31891889,313.56
"Southwest","2002",32430969,308.35
"Southwest","2003",32923761,303.73
"Southwest","2004",33475468,298.73
"Southwest","2005",34098071,293.27
"Southwest","2006",34944948,286.16
"Southwest","2007",35624083,280.71
"Southwest","2008",36269039,275.72
"Southwest","2009",36899289,271.01
"Rocky Mountain","1991",7477155,1337.41
"Rocky Mountain","1992",7696444,1299.3
"Rocky Mountain","1993",7938748,1259.64
"Rocky Mountain","1994",8171343,1223.79
"Rocky Mountain","1995",8379865,1193.34
"Rocky Mountain","1996",8565452,1167.48
"Rocky Mountain","1997",8745913,1143.39
"Rocky Mountain","1998",8918147,1121.31
"Rocky Mountain","1999",9094461,1099.57
"Rocky Mountain","2000",9268926,1078.87
"Rocky Mountain","2001",9430982,1060.33
"Rocky Mountain","2002",9567277,1045.23
"Rocky Mountain","2003",9675332,1033.56
"Rocky Mountain","2004",9807510,1019.63
"Rocky Mountain","2005",9972107,1002.8
"Rocky Mountain","2006",10189958,981.36
"Rocky Mountain","2007",10406301,960.96
"Rocky Mountain","2008",10609537,942.55
"Rocky Mountain","2009",10793888,926.45
"Far West","1991",41427985,241.38
"Far West","1992",42225887,236.82
"Far West","1993",42797622,233.66
"Far West","1994",43271002,231.1
"Far West","1995",43744822,228.6
"Far West","1996",44314342,225.66
"Far West","1997",45053779,221.96
"Far West","1998",45798042,218.35
"Far West","1999",46505506,215.03
"Far West","2000",47188420,211.92
"Far West","2001",47891178,208.81
"Far West","2002",48493357,206.21
"Far West","2003",49053068,203.86
"Far West","2004",49601761,201.61
"Far West","2005",50090268,199.64
"Far West","2006",50570529,197.74
"Far West","2007",51031362,195.96
"Far West","2008",51608614,193.77
"Far West","2009",52167532,191.69
"","1991",NA,NA
"","1992",NA,NA
"","1993",NA,NA
"","1994",NA,NA
"","1995",NA,NA
"","1996",NA,NA
"","1997",NA,NA
"","1998",NA,NA
"","1999",NA,NA
"","2000",NA,NA
"","2001",NA,NA
"","2002",NA,NA
"","2003",NA,NA
"","2004",NA,NA
"","2005",NA,NA
"","2006",NA,NA
"","2007",NA,NA
"","2008",NA,NA
"","2009",NA,NA
"","1991",NA,NA
"","1992",NA,NA
"","1993",NA,NA
"","1994",NA,NA
"","1995",NA,NA
"","1996",NA,NA
"","1997",NA,NA
"","1998",NA,NA
"","1999",NA,NA
"","2000",NA,NA
"","2001",NA,NA
"","2002",NA,NA
"","2003",NA,NA
"","2004",NA,NA
"","2005",NA,NA
"","2006",NA,NA
"","2007",NA,NA
"","2008",NA,NA
"","2009",NA,NA
"","1991",NA,NA
"","1992",NA,NA
"","1993",NA,NA
"","1994",NA,NA
"","1995",NA,NA
"","1996",NA,NA
"","1997",NA,NA
"","1998",NA,NA
"","1999",NA,NA
"","2000",NA,NA
"","2001",NA,NA
"","2002",NA,NA
"","2003",NA,NA
"","2004",NA,NA
"","2005",NA,NA
"","2006",NA,NA
"","2007",NA,NA
"","2008",NA,NA
"","2009",NA,NA
"","1991",NA,NA
"","1992",NA,NA
"","1993",NA,NA
"","1994",NA,NA
"","1995",NA,NA
"","1996",NA,NA
"","1997",NA,NA
"","1998",NA,NA
"","1999",NA,NA
"","2000",NA,NA
"","2001",NA,NA
"","2002",NA,NA
"","2003",NA,NA
"","2004",NA,NA
"","2005",NA,NA
"","2006",NA,NA
"","2007",NA,NA
"","2008",NA,NA
"","2009",NA,NA
"Alabama","2010",4785514,2089.64
"Alabama","2011",4799642,2083.49
"Alabama","2012",4816632,2076.14
"Alabama","2013",4831586,2069.71
"Alabama","2014",4843737,2064.52
"Alabama","2015",4854803,2059.82
"Alabama","2016",4866824,2054.73
"Alabama","2017",4877989,2050.03
"Alabama","2018",4891628,2044.31
"Alabama","2019",4907965,2037.5
"Alaska","2010",713982,14005.96
"Alaska","2011",722349,13843.72
"Alaska","2012",730810,13683.45
"Alaska","2013",737626,13557.01
"Alaska","2014",737075,13567.14
"Alaska","2015",738430,13542.25
"Alaska","2016",742575,13466.65
"Alaska","2017",740983,13495.59
"Alaska","2018",736624,13575.45
"Alaska","2019",733603,13631.35
"Arizona","2010",6407342,1560.71
"Arizona","2011",6473416,1544.78
"Arizona","2012",6556344,1525.24
"Arizona","2013",6634690,1507.23
"Arizona","2014",6732873,1485.25
"Arizona","2015",6832810,1463.53
"Arizona","2016",6944767,1439.93
"Arizona","2017",7048088,1418.82
"Arizona","2018",7164228,1395.82
"Arizona","2019",7291843,1371.4
"Arkansas","2010",2921998,3422.32
"Arkansas","2011",2941038,3400.16
"Arkansas","2012",2952876,3386.53
"Arkansas","2013",2960459,3377.85
"Arkansas","2014",2968759,3368.41
"Arkansas","2015",2979732,3356.01
"Arkansas","2016",2991815,3342.45
"Arkansas","2017",3003855,3329.06
"Arkansas","2018",3012161,3319.88
"Arkansas","2019",3020985,3310.18
"California","2010",37319550,267.96
"California","2011",37636311,265.7
"California","2012",37944551,263.54
"California","2013",38253768,261.41
"California","2014",38586706,259.16
"California","2015",38904296,257.04
"California","2016",39149186,255.43
"California","2017",39337785,254.21
"California","2018",39437463,253.57
"California","2019",39437610,253.57
"Colorado","2010",5047539,1981.16
"Colorado","2011",5121900,1952.4
"Colorado","2012",5193660,1925.42
"Colorado","2013",5270774,1897.25
"Colorado","2014",5352637,1868.24
"Colorado","2015",5454328,1833.41
"Colorado","2016",5543844,1803.8
"Colorado","2017",5617421,1780.18
"Colorado","2018",5697155,1755.26
"Colorado","2019",5758486,1736.57
"Connecticut","2010",3579173,2793.94
"Connecticut","2011",3588632,2786.58
"Connecticut","2012",3595211,2781.48
"Connecticut","2013",3595792,2781.03
"Connecticut","2014",3595697,2781.1
"Connecticut","2015",3588561,2786.63
"Connecticut","2016",3579830,2793.43
"Connecticut","2017",3575324,2796.95
"Connecticut","2018",3574561,2797.55
"Connecticut","2019",3566022,2804.25
"Delaware","2010",899647,11115.47
"Delaware","2011",907590,11018.19
"Delaware","2012",915518,10922.78
"Delaware","2013",924062,10821.78
"Delaware","2014",933131,10716.61
"Delaware","2015",942065,10614.98
"Delaware","2016",949989,10526.44
"Delaware","2017",957942,10439.05
"Delaware","2018",966985,10341.42
"Delaware","2019",976668,10238.89
"District of Columbia","2010",605282,16521.22
"District of Columbia","2011",620290,16121.49
"District of Columbia","2012",635737,15729.78
"District of Columbia","2013",651559,15347.8
"District of Columbia","2014",663603,15069.25
"District of Columbia","2015",677014,14770.74
"District of Columbia","2016",687576,14543.85
"District of Columbia","2017",697079,14345.58
"District of Columbia","2018",704147,14201.58
"District of Columbia","2019",708253,14119.25
"Florida","2010",18846143,530.61
"Florida","2011",19055607,524.78
"Florida","2012",19302016,518.08
"Florida","2013",19551678,511.47
"Florida","2014",19853880,503.68
"Florida","2015",20219111,494.58
"Florida","2016",20627237,484.8
"Florida","2017",20977089,476.71
"Florida","2018",21254926,470.48
"Florida","2019",21492056,465.29
"Georgia","2010",9712209,1029.63
"Georgia","2011",9803630,1020.03
"Georgia","2012",9903580,1009.74
"Georgia","2013",9975592,1002.45
"Georgia","2014",10071204,992.93
"Georgia","2015",10183353,981.99
"Georgia","2016",10308442,970.08
"Georgia","2017",10417031,959.97
"Georgia","2018",10519389,950.63
"Georgia","2019",10628020,940.91
"Hawaii","2010",1364004,7331.36
"Hawaii","2011",1379562,7248.68
"Hawaii","2012",1395199,7167.44
"Hawaii","2013",1408822,7098.13
"Hawaii","2014",1415335,7065.47
"Hawaii","2015",1422999,7027.41
"Hawaii","2016",1428885,6998.46
"Hawaii","2017",1425763,7013.79
"Hawaii","2018",1423102,7026.9
"Hawaii","2019",1415615,7064.07
"Idaho","2010",1570819,6366.11
"Idaho","2011",1584272,6312.05
"Idaho","2012",1595910,6266.02
"Idaho","2013",1612053,6203.27
"Idaho","2014",1632248,6126.52
"Idaho","2015",1652495,6051.46
"Idaho","2016",1684036,5938.12
"Idaho","2017",1719745,5814.82
"Idaho","2018",1752074,5707.52
"Idaho","2019",1789060,5589.53
"Illinois","2010",12840545,778.78
"Illinois","2011",12867783,777.13
"Illinois","2012",12883029,776.21
"Illinois","2013",12895778,775.45
"Illinois","2014",12885092,776.09
"Illinois","2015",12859585,777.63
"Illinois","2016",12821709,779.93
"Illinois","2017",12779893,782.48
"Illinois","2018",12724685,785.87
"Illinois","2019",12667017,789.45
"Indiana","2010",6490555,1540.7
"Indiana","2011",6517250,1534.39
"Indiana","2012",6538989,1529.29
"Indiana","2013",6570575,1521.94
"Indiana","2014",6596019,1516.07
"Indiana","2015",6611442,1512.53
"Indiana","2016",6637898,1506.5
"Indiana","2017",6662068,1501.04
"Indiana","2018",6698481,1492.88
"Indiana","2019",6731010,1485.66
"Iowa","2010",3050819,3277.81
"Iowa","2011",3066772,3260.76
"Iowa","2012",3076844,3250.08
"Iowa","2013",3093935,3232.13
"Iowa","2014",3110643,3214.77
"Iowa","2015",3122541,3202.52
"Iowa","2016",3133210,3191.61
"Iowa","2017",3143734,3180.93
"Iowa","2018",3149900,3174.7
"Iowa","2019",3159596,3164.96
"Kansas","2010",2858266,3498.62
"Kansas","2011",2869677,3484.71
"Kansas","2012",2886024,3464.97
"Kansas","2013",2894306,3455.06
"Kansas","2014",2901861,3446.06
"Kansas","2015",2910717,3435.58
"Kansas","2016",2912977,3432.91
"Kansas","2017",2910892,3435.37
"Kansas","2018",2912748,3433.18
"Kansas","2019",2912635,3433.32
"Kentucky","2010",4348464,2299.66
"Kentucky","2011",4370817,2287.9
"Kentucky","2012",4387865,2279.01
"Kentucky","2013",4406906,2269.17
"Kentucky","2014",4416992,2263.98
"Kentucky","2015",4429126,2257.78
"Kentucky","2016",4440306,2252.1
"Kentucky","2017",4455590,2244.37
"Kentucky","2018",4464273,2240.01
"Kentucky","2019",4472345,2235.96
"Louisiana","2010",4544635,2200.4
"Louisiana","2011",4576244,2185.2
"Louisiana","2012",4602067,2172.94
"Louisiana","2013",4626040,2161.68
"Louisiana","2014",4645938,2152.42
"Louisiana","2015",4666998,2142.71
"Louisiana","2016",4681346,2136.14
"Louisiana","2017",4673673,2139.64
"Louisiana","2018",4664450,2143.88
"Louisiana","2019",4658285,2146.71
"Maine","2010",1327651,7532.1
"Maine","2011",1328473,7527.44
"Maine","2012",1328094,7529.59
"Maine","2013",1328543,7527.04
"Maine","2014",1331217,7511.92
"Maine","2015",1329098,7523.9
"Maine","2016",1332348,7505.55
"Maine","2017",1335743,7486.47
"Maine","2018",1340123,7462
"Maine","2019",1345770,7430.69
"Maryland","2010",5788784,1727.48
"Maryland","2011",5840241,1712.26
"Maryland","2012",5888375,1698.26
"Maryland","2013",5925197,1687.71
"Maryland","2014",5960064,1677.83
"Maryland","2015",5988528,1669.86
"Maryland","2016",6007014,1664.72
"Maryland","2017",6028186,1658.87
"Maryland","2018",6042153,1655.04
"Maryland","2019",6054954,1651.54
"Massachusetts","2010",6566440,1522.9
"Massachusetts","2011",6614218,1511.89
"Massachusetts","2012",6664269,1500.54
"Massachusetts","2013",6715158,1489.17
"Massachusetts","2014",6764864,1478.23
"Massachusetts","2015",6797484,1471.13
"Massachusetts","2016",6827280,1464.71
"Massachusetts","2017",6863560,1456.97
"Massachusetts","2018",6885720,1452.28
"Massachusetts","2019",6894883,1450.35
"Michigan","2010",9877597,1012.39
"Michigan","2011",9883053,1011.83
"Michigan","2012",9898289,1010.28
"Michigan","2013",9914802,1008.59
"Michigan","2014",9932033,1006.84
"Michigan","2015",9934483,1006.59
"Michigan","2016",9954117,1004.61
"Michigan","2017",9976752,1002.33
"Michigan","2018",9987286,1001.27
"Michigan","2019",9984795,1001.52
"Minnesota","2010",5310934,1882.91
"Minnesota","2011",5346620,1870.34
"Minnesota","2012",5377500,1859.6
"Minnesota","2013",5414722,1846.82
"Minnesota","2014",5452665,1833.97
"Minnesota","2015",5484002,1823.49
"Minnesota","2016",5525360,1809.84
"Minnesota","2017",5569283,1795.56
"Minnesota","2018",5608762,1782.92
"Minnesota","2019",5640053,1773.03
"Mississippi","2010",2970615,3366.31
"Mississippi","2011",2979147,3356.67
"Mississippi","2012",2984599,3350.53
"Mississippi","2013",2989839,3344.66
"Mississippi","2014",2991892,3342.37
"Mississippi","2015",2990231,3344.22
"Mississippi","2016",2990595,3343.82
"Mississippi","2017",2990674,3343.73
"Mississippi","2018",2982879,3352.47
"Mississippi","2019",2978227,3357.7
"Missouri","2010",5996089,1667.75
"Missouri","2011",6011182,1663.57
"Missouri","2012",6026027,1659.47
"Missouri","2013",6042989,1654.81
"Missouri","2014",6059130,1650.4
"Missouri","2015",6075411,1645.98
"Missouri","2016",6091384,1641.66
"Missouri","2017",6111382,1636.29
"Missouri","2018",6125986,1632.39
"Missouri","2019",6140475,1628.54
"Montana","2010",990730,10093.57
"Montana","2011",997518,10024.88
"Montana","2012",1004168,9958.49
"Montana","2013",1014158,9860.4
"Montana","2014",1022657,9778.45
"Montana","2015",1031495,9694.67
"Montana","2016",1042137,9595.67
"Montana","2017",1053862,9488.91
"Montana","2018",1061818,9417.81
"Montana","2019",1070123,9344.72
"Nebraska","2010",1829591,5465.7
"Nebraska","2011",1840914,5432.08
"Nebraska","2012",1853691,5394.64
"Nebraska","2013",1865813,5359.59
"Nebraska","2014",1879955,5319.28
"Nebraska","2015",1892059,5285.25
"Nebraska","2016",1906483,5245.26
"Nebraska","2017",1916998,5216.49
"Nebraska","2018",1925512,5193.42
"Nebraska","2019",1932571,5174.45
"Nevada","2010",2702483,3700.3
"Nevada","2011",2713114,3685.8
"Nevada","2012",2744670,3643.43
"Nevada","2013",2776956,3601.07
"Nevada","2014",2818935,3547.44
"Nevada","2015",2868531,3486.1
"Nevada","2016",2919555,3425.18
"Nevada","2017",2972097,3364.63
"Nevada","2018",3030725,3299.54
"Nevada","2019",3090771,3235.44
"New Hampshire","2010",1316807,7594.13
"New Hampshire","2011",1320444,7573.21
"New Hampshire","2012",1324677,7549.01
"New Hampshire","2013",1327272,7534.25
"New Hampshire","2014",1334257,7494.81
"New Hampshire","2015",1337480,7476.75
"New Hampshire","2016",1343694,7442.17
"New Hampshire","2017",1350395,7405.24
"New Hampshire","2018",1355064,7379.73
"New Hampshire","2019",1360783,7348.71
"New Jersey","2010",8799451,1136.43
"New Jersey","2011",8828552,1132.69
"New Jersey","2012",8845671,1130.5
"New Jersey","2013",8857821,1128.95
"New Jersey","2014",8867277,1127.74
"New Jersey","2015",8870312,1127.36
"New Jersey","2016",8873584,1126.94
"New Jersey","2017",8888147,1125.09
"New Jersey","2018",8891730,1124.64
"New Jersey","2019",8891258,1124.7
"New Mexico","2010",2064614,4843.52
"New Mexico","2011",2080707,4806.06
"New Mexico","2012",2087715,4789.93
"New Mexico","2013",2092833,4778.21
"New Mexico","2014",2090236,4784.15
"New Mexico","2015",2090071,4784.53
"New Mexico","2016",2092555,4778.85
"New Mexico","2017",2092844,4778.19
"New Mexico","2018",2093754,4776.11
"New Mexico","2019",2099634,4762.73
"New York","2010",19399956,515.47
"New York","2011",19499921,512.82
"New York","2012",19574362,510.87
"New York","2013",19626488,509.52
"New York","2014",19653431,508.82
"New York","2015",19657321,508.72
"New York","2016",19636391,509.26
"New York","2017",19593849,510.36
"New York","2018",19544098,511.66
"New York","2019",19463131,513.79
"North Carolina","2010",9574586,1044.43
"North Carolina","2011",9658913,1035.31
"North Carolina","2012",9751810,1025.45
"North Carolina","2013",9846717,1015.57
"North Carolina","2014",9937295,1006.31
"North Carolina","2015",10037218,996.29
"North Carolina","2016",10161802,984.08
"North Carolina","2017",10275758,973.16
"North Carolina","2018",10391358,962.34
"North Carolina","2019",10501384,952.26
"North Dakota","2010",674752,14820.26
"North Dakota","2011",685526,14587.34
"North Dakota","2012",702227,14240.41
"North Dakota","2013",723149,13828.41
"North Dakota","2014",738736,13536.64
"North Dakota","2015",755537,13235.62
"North Dakota","2016",756114,13225.52
"North Dakota","2017",756755,13214.32
"North Dakota","2018",760062,13156.82
"North Dakota","2019",763724,13093.74
"Ohio","2010",11539449,866.59
"Ohio","2011",11545735,866.12
"Ohio","2012",11550971,865.73
"Ohio","2013",11579692,863.58
"Ohio","2014",11606573,861.58
"Ohio","2015",11622315,860.41
"Ohio","2016",11640060,859.1
"Ohio","2017",11665706,857.21
"Ohio","2018",11680892,856.1
"Ohio","2019",11696507,854.96
"Oklahoma","2010",3760014,2659.56
"Oklahoma","2011",3788824,2639.34
"Oklahoma","2012",3819320,2618.27
"Oklahoma","2013",3853891,2594.78
"Oklahoma","2014",3879187,2577.86
"Oklahoma","2015",3910518,2557.21
"Oklahoma","2016",3928143,2545.73
"Oklahoma","2017",3933602,2542.2
"Oklahoma","2018",3943488,2535.83
"Oklahoma","2019",3960676,2524.82
"Oregon","2010",3837614,2605.79
"Oregon","2011",3872672,2582.2
"Oregon","2012",3900102,2564.04
"Oregon","2013",3924110,2548.35
"Oregon","2014",3965447,2521.78
"Oregon","2015",4018542,2488.46
"Oregon","2016",4093271,2443.03
"Oregon","2017",4147294,2411.21
"Oregon","2018",4183538,2390.32
"Oregon","2019",4216116,2371.85
"Pennsylvania","2010",12711406,786.7
"Pennsylvania","2011",12747052,784.5
"Pennsylvania","2012",12769123,783.14
"Pennsylvania","2013",12779538,782.5
"Pennsylvania","2014",12792392,781.71
"Pennsylvania","2015",12789838,781.87
"Pennsylvania","2016",12788468,781.95
"Pennsylvania","2017",12794679,781.57
"Pennsylvania","2018",12809107,780.69
"Pennsylvania","2019",12798883,781.32
"Rhode Island","2010",1053994,9487.72
"Rhode Island","2011",1053829,9489.21
"Rhode Island","2012",1054893,9479.63
"Rhode Island","2013",1055560,9473.64
"Rhode Island","2014",1056511,9465.12
"Rhode Island","2015",1056886,9461.76
"Rhode Island","2016",1057816,9453.44
"Rhode Island","2017",1056554,9464.73
"Rhode Island","2018",1059338,9439.86
"Rhode Island","2019",1058158,9450.38
"South Carolina","2010",4635846,2157.1
"South Carolina","2011",4672655,2140.11
"South Carolina","2012",4719027,2119.08
"South Carolina","2013",4766469,2097.99
"South Carolina","2014",4826858,2071.74
"South Carolina","2015",4896006,2042.48
"South Carolina","2016",4963031,2014.9
"South Carolina","2017",5027102,1989.22
"South Carolina","2018",5091702,1963.98
"South Carolina","2019",5157702,1938.85
"South Dakota","2010",816193,12252
"South Dakota","2011",823740,12139.75
"South Dakota","2012",833859,11992.44
"South Dakota","2013",842751,11865.9
"South Dakota","2014",849670,11769.28
"South Dakota","2015",854663,11700.52
"South Dakota","2016",863693,11578.19
"South Dakota","2017",873732,11445.16
"South Dakota","2018",879386,11371.57
"South Dakota","2019",887127,11272.34
"Tennessee","2010",6355518,1573.44
"Tennessee","2011",6400298,1562.43
"Tennessee","2012",6455752,1549.01
"Tennessee","2013",6496943,1539.19
"Tennessee","2014",6544617,1527.97
"Tennessee","2015",6595354,1516.22
"Tennessee","2016",6651277,1503.47
"Tennessee","2017",6714748,1489.26
"Tennessee","2018",6778180,1475.32
"Tennessee","2019",6830325,1464.06
"Texas","2010",25241897,396.17
"Texas","2011",25645504,389.93
"Texas","2012",26084120,383.38
"Texas","2013",26479646,377.65
"Texas","2014",26963092,370.88
"Texas","2015",27468531,364.05
"Texas","2016",27914064,358.24
"Texas","2017",28291024,353.47
"Texas","2018",28624564,349.35
"Texas","2019",28986794,344.98
"Utah","2010",2775413,3603.07
"Utah","2011",2814797,3552.65
"Utah","2012",2854146,3503.68
"Utah","2013",2898773,3449.74
"Utah","2014",2938327,3403.3
"Utah","2015",2983626,3351.63
"Utah","2016",3044241,3284.89
"Utah","2017",3103540,3222.13
"Utah","2018",3155153,3169.42
"Utah","2019",3203383,3121.7
"Vermont","2010",625886,15977.35
"Vermont","2011",627197,15943.95
"Vermont","2012",626361,15965.23
"Vermont","2013",626603,15959.07
"Vermont","2014",625693,15982.28
"Vermont","2015",625810,15979.29
"Vermont","2016",624366,16016.25
"Vermont","2017",625132,15996.62
"Vermont","2018",624802,16005.07
"Vermont","2019",624046,16024.46
"Virginia","2010",8024004,1246.26
"Virginia","2011",8102437,1234.2
"Virginia","2012",8187456,1221.38
"Virginia","2013",8255861,1211.26
"Virginia","2014",8315430,1202.58
"Virginia","2015",8367303,1195.13
"Virginia","2016",8417651,1187.98
"Virginia","2017",8471011,1180.5
"Virginia","2018",8510920,1174.96
"Virginia","2019",8556642,1168.68
"Washington","2010",6743009,1483.02
"Washington","2011",6827479,1464.67
"Washington","2012",6898599,1449.57
"Washington","2013",6966252,1435.49
"Washington","2014",7057531,1416.93
"Washington","2015",7167287,1395.23
"Washington","2016",7299961,1369.87
"Washington","2017",7427951,1346.27
"Washington","2018",7526793,1328.59
"Washington","2019",7614024,1313.37
"West Virginia","2010",1854265,5392.97
"West Virginia","2011",1856606,5386.17
"West Virginia","2012",1857446,5383.74
"West Virginia","2013",1854768,5391.51
"West Virginia","2014",1850569,5403.74
"West Virginia","2015",1843332,5424.96
"West Virginia","2016",1832435,5457.22
"West Virginia","2017",1818683,5498.48
"West Virginia","2018",1805953,5537.24
"West Virginia","2019",1795263,5570.21
"Wisconsin","2010",5690538,1757.3
"Wisconsin","2011",5705840,1752.59
"Wisconsin","2012",5720825,1748
"Wisconsin","2013",5738012,1742.76
"Wisconsin","2014",5753199,1738.16
"Wisconsin","2015",5762927,1735.23
"Wisconsin","2016",5775170,1731.55
"Wisconsin","2017",5793147,1726.18
"Wisconsin","2018",5809319,1721.37
"Wisconsin","2019",5824581,1716.86
"Wyoming","2010",564531,17713.82
"Wyoming","2011",567491,17621.42
"Wyoming","2012",576656,17341.36
"Wyoming","2013",582620,17163.85
"Wyoming","2014",583159,17147.98
"Wyoming","2015",586389,17053.53
"Wyoming","2016",585243,17086.92
"Wyoming","2017",579994,17241.56
"Wyoming","2018",579054,17269.55
"Wyoming","2019",580116,17237.93
"","2010",NA,NA
"","2011",NA,NA
"","2012",NA,NA
"","2013",NA,NA
"","2014",NA,NA
"","2015",NA,NA
"","2016",NA,NA
"","2017",NA,NA
"","2018",NA,NA
"","2019",NA,NA
"Puerto Rico*","2010",3721525,2687.07
"Puerto Rico*","2011",3678732,2718.33
"Puerto Rico*","2012",3634488,2751.42
"Puerto Rico*","2013",3593077,2783.13
"Puerto Rico*","2014",3534874,2828.96
"Puerto Rico*","2015",3473232,2879.16
"Puerto Rico*","2016",3406672,2935.42
"Puerto Rico*","2017",3325286,3007.26
"Puerto Rico*","2018",3193354,3131.5
"Puerto Rico*","2019",3193694,3131.17
"","2010",NA,NA
"","2011",NA,NA
"","2012",NA,NA
"","2013",NA,NA
"","2014",NA,NA
"","2015",NA,NA
"","2016",NA,NA
"","2017",NA,NA
"","2018",NA,NA
"","2019",NA,NA
"","2010",NA,NA
"","2011",NA,NA
"","2012",NA,NA
"","2013",NA,NA
"","2014",NA,NA
"","2015",NA,NA
"","2016",NA,NA
"","2017",NA,NA
"","2018",NA,NA
"","2019",NA,NA
"","2010",NA,NA
"","2011",NA,NA
"","2012",NA,NA
"","2013",NA,NA
"","2014",NA,NA
"","2015",NA,NA
"","2016",NA,NA
"","2017",NA,NA
"","2018",NA,NA
"","2019",NA,NA
"","2010",NA,NA
"","2011",NA,NA
"","2012",NA,NA
"","2013",NA,NA
"","2014",NA,NA
"","2015",NA,NA
"","2016",NA,NA
"","2017",NA,NA
"","2018",NA,NA
"","2019",NA,NA
"","2010",NA,NA
"","2011",NA,NA
"","2012",NA,NA
"","2013",NA,NA
"","2014",NA,NA
"","2015",NA,NA
"","2016",NA,NA
"","2017",NA,NA
"","2018",NA,NA
"","2019",NA,NA
"","2010",NA,NA
"","2011",NA,NA
"","2012",NA,NA
"","2013",NA,NA
"","2014",NA,NA
"","2015",NA,NA
"","2016",NA,NA
"","2017",NA,NA
"","2018",NA,NA
"","2019",NA,NA
"","2010",NA,NA
"","2011",NA,NA
"","2012",NA,NA
"","2013",NA,NA
"","2014",NA,NA
"","2015",NA,NA
"","2016",NA,NA
"","2017",NA,NA
"","2018",NA,NA
"","2019",NA,NA
"","2010",NA,NA
"","2011",NA,NA
"","2012",NA,NA
"","2013",NA,NA
"","2014",NA,NA
"","2015",NA,NA
"","2016",NA,NA
"","2017",NA,NA
"","2018",NA,NA
"","2019",NA,NA
"","2010",NA,NA
"","2011",NA,NA
"","2012",NA,NA
"","2013",NA,NA
"","2014",NA,NA
"","2015",NA,NA
"","2016",NA,NA
"","2017",NA,NA
"","2018",NA,NA
"","2019",NA,NA
"","2010",NA,NA
"","2011",NA,NA
"","2012",NA,NA
"","2013",NA,NA
"","2014",NA,NA
"","2015",NA,NA
"","2016",NA,NA
"","2017",NA,NA
"","2018",NA,NA
"","2019",NA,NA
"","2010",NA,NA
"","2011",NA,NA
"","2012",NA,NA
"","2013",NA,NA
"","2014",NA,NA
"","2015",NA,NA
"","2016",NA,NA
"","2017",NA,NA
"","2018",NA,NA
"","2019",NA,NA
"","2010",NA,NA
"","2011",NA,NA
"","2012",NA,NA
"","2013",NA,NA
"","2014",NA,NA
"","2015",NA,NA
"","2016",NA,NA
"","2017",NA,NA
"","2018",NA,NA
"","2019",NA,NA
"","2010",NA,NA
"","2011",NA,NA
"","2012",NA,NA
"","2013",NA,NA
"","2014",NA,NA
"","2015",NA,NA
"","2016",NA,NA
"","2017",NA,NA
"","2018",NA,NA
"","2019",NA,NA
"","2010",NA,NA
"","2011",NA,NA
"","2012",NA,NA
"","2013",NA,NA
"","2014",NA,NA
"","2015",NA,NA
"","2016",NA,NA
"","2017",NA,NA
"","2018",NA,NA
"","2019",NA,NA
"","2010",NA,NA
"","2011",NA,NA
"","2012",NA,NA
"","2013",NA,NA
"","2014",NA,NA
"","2015",NA,NA
"","2016",NA,NA
"","2017",NA,NA
"","2018",NA,NA
"","2019",NA,NA
"","2010",NA,NA
"","2011",NA,NA
"","2012",NA,NA
"","2013",NA,NA
"","2014",NA,NA
"","2015",NA,NA
"","2016",NA,NA
"","2017",NA,NA
"","2018",NA,NA
"","2019",NA,NA
"","2010",NA,NA
"","2011",NA,NA
"","2012",NA,NA
"","2013",NA,NA
"","2014",NA,NA
"","2015",NA,NA
"","2016",NA,NA
"","2017",NA,NA
"","2018",NA,NA
"","2019",NA,NA
"","2010",NA,NA
"","2011",NA,NA
"","2012",NA,NA
"","2013",NA,NA
"","2014",NA,NA
"","2015",NA,NA
"","2016",NA,NA
"","2017",NA,NA
"","2018",NA,NA
"","2019",NA,NA
"","2010",NA,NA
"","2011",NA,NA
"","2012",NA,NA
"","2013",NA,NA
"","2014",NA,NA
"","2015",NA,NA
"","2016",NA,NA
"","2017",NA,NA
"","2018",NA,NA
"","2019",NA,NA
"","2010",NA,NA
"","2011",NA,NA
"","2012",NA,NA
"","2013",NA,NA
"","2014",NA,NA
"","2015",NA,NA
"","2016",NA,NA
"","2017",NA,NA
"","2018",NA,NA
"","2019",NA,NA
"","2010",NA,NA
"","2011",NA,NA
"","2012",NA,NA
"","2013",NA,NA
"","2014",NA,NA
"","2015",NA,NA
"","2016",NA,NA
"","2017",NA,NA
"","2018",NA,NA
"","2019",NA,NA
"","2010",NA,NA
"","2011",NA,NA
"","2012",NA,NA
"","2013",NA,NA
"","2014",NA,NA
"","2015",NA,NA
"","2016",NA,NA
"","2017",NA,NA
"","2018",NA,NA
"","2019",NA,NA
"","2010",NA,NA
"","2011",NA,NA
"","2012",NA,NA
"","2013",NA,NA
"","2014",NA,NA
"","2015",NA,NA
"","2016",NA,NA
"","2017",NA,NA
"","2018",NA,NA
"","2019",NA,NA
"","2010",NA,NA
"","2011",NA,NA
"","2012",NA,NA
"","2013",NA,NA
"","2014",NA,NA
"","2015",NA,NA
"","2016",NA,NA
"","2017",NA,NA
"","2018",NA,NA
"","2019",NA,NA
"","2010",NA,NA
"","2011",NA,NA
"","2012",NA,NA
"","2013",NA,NA
"","2014",NA,NA
"","2015",NA,NA
"","2016",NA,NA
"","2017",NA,NA
"","2018",NA,NA
"","2019",NA,NA
"","2010",NA,NA
"","2011",NA,NA
"","2012",NA,NA
"","2013",NA,NA
"","2014",NA,NA
"","2015",NA,NA
"","2016",NA,NA
"","2017",NA,NA
"","2018",NA,NA
"","2019",NA,NA
"","2010",NA,NA
"","2011",NA,NA
"","2012",NA,NA
"","2013",NA,NA
"","2014",NA,NA
"","2015",NA,NA
"","2016",NA,NA
"","2017",NA,NA
"","2018",NA,NA
"","2019",NA,NA
"","2010",NA,NA
"","2011",NA,NA
"","2012",NA,NA
"","2013",NA,NA
"","2014",NA,NA
"","2015",NA,NA
"","2016",NA,NA
"","2017",NA,NA
"","2018",NA,NA
"","2019",NA,NA
"","2010",NA,NA
"","2011",NA,NA
"","2012",NA,NA
"","2013",NA,NA
"","2014",NA,NA
"","2015",NA,NA
"","2016",NA,NA
"","2017",NA,NA
"","2018",NA,NA
"","2019",NA,NA
"","2010",NA,NA
"","2011",NA,NA
"","2012",NA,NA
"","2013",NA,NA
"","2014",NA,NA
"","2015",NA,NA
"","2016",NA,NA
"","2017",NA,NA
"","2018",NA,NA
"","2019",NA,NA
"","2010",NA,NA
"","2011",NA,NA
"","2012",NA,NA
"","2013",NA,NA
"","2014",NA,NA
"","2015",NA,NA
"","2016",NA,NA
"","2017",NA,NA
"","2018",NA,NA
"","2019",NA,NA
"","2010",NA,NA
"","2011",NA,NA
"","2012",NA,NA
"","2013",NA,NA
"","2014",NA,NA
"","2015",NA,NA
"","2016",NA,NA
"","2017",NA,NA
"","2018",NA,NA
"","2019",NA,NA
"","2010",NA,NA
"","2011",NA,NA
"","2012",NA,NA
"","2013",NA,NA
"","2014",NA,NA
"","2015",NA,NA
"","2016",NA,NA
"","2017",NA,NA
"","2018",NA,NA
"","2019",NA,NA
"","2010",NA,NA
"","2011",NA,NA
"","2012",NA,NA
"","2013",NA,NA
"","2014",NA,NA
"","2015",NA,NA
"","2016",NA,NA
"","2017",NA,NA
"","2018",NA,NA
"","2019",NA,NA
"","2010",NA,NA
"","2011",NA,NA
"","2012",NA,NA
"","2013",NA,NA
"","2014",NA,NA
"","2015",NA,NA
"","2016",NA,NA
"","2017",NA,NA
"","2018",NA,NA
"","2019",NA,NA
"","2010",NA,NA
"","2011",NA,NA
"","2012",NA,NA
"","2013",NA,NA
"","2014",NA,NA
"","2015",NA,NA
"","2016",NA,NA
"","2017",NA,NA
"","2018",NA,NA
"","2019",NA,NA
"","2010",NA,NA
"","2011",NA,NA
"","2012",NA,NA
"","2013",NA,NA
"","2014",NA,NA
"","2015",NA,NA
"","2016",NA,NA
"","2017",NA,NA
"","2018",NA,NA
"","2019",NA,NA
"","2010",NA,NA
"","2011",NA,NA
"","2012",NA,NA
"","2013",NA,NA
"","2014",NA,NA
"","2015",NA,NA
"","2016",NA,NA
"","2017",NA,NA
"","2018",NA,NA
"","2019",NA,NA
"","2010",NA,NA
"","2011",NA,NA
"","2012",NA,NA
"","2013",NA,NA
"","2014",NA,NA
"","2015",NA,NA
"","2016",NA,NA
"","2017",NA,NA
"","2018",NA,NA
"","2019",NA,NA
"","2010",NA,NA
"","2011",NA,NA
"","2012",NA,NA
"","2013",NA,NA
"","2014",NA,NA
"","2015",NA,NA
"","2016",NA,NA
"","2017",NA,NA
"","2018",NA,NA
"","2019",NA,NA
"","2010",NA,NA
"","2011",NA,NA
"","2012",NA,NA
"","2013",NA,NA
"","2014",NA,NA
"","2015",NA,NA
"","2016",NA,NA
"","2017",NA,NA
"","2018",NA,NA
"","2019",NA,NA
"","2010",NA,NA
"","2011",NA,NA
"","2012",NA,NA
"","2013",NA,NA
"","2014",NA,NA
"","2015",NA,NA
"","2016",NA,NA
"","2017",NA,NA
"","2018",NA,NA
"","2019",NA,NA
"","2010",NA,NA
"","2011",NA,NA
"","2012",NA,NA
"","2013",NA,NA
"","2014",NA,NA
"","2015",NA,NA
"","2016",NA,NA
"","2017",NA,NA
"","2018",NA,NA
"","2019",NA,NA
"","2010",NA,NA
"","2011",NA,NA
"","2012",NA,NA
"","2013",NA,NA
"","2014",NA,NA
"","2015",NA,NA
"","2016",NA,NA
"","2017",NA,NA
"","2018",NA,NA
"","2019",NA,NA
"","2010",NA,NA
"","2011",NA,NA
"","2012",NA,NA
"","2013",NA,NA
"","2014",NA,NA
"","2015",NA,NA
"","2016",NA,NA
"","2017",NA,NA
"","2018",NA,NA
"","2019",NA,NA
"","2010",NA,NA
"","2011",NA,NA
"","2012",NA,NA
"","2013",NA,NA
"","2014",NA,NA
"","2015",NA,NA
"","2016",NA,NA
"","2017",NA,NA
"","2018",NA,NA
"","2019",NA,NA
"","2010",NA,NA
"","2011",NA,NA
"","2012",NA,NA
"","2013",NA,NA
"","2014",NA,NA
"","2015",NA,NA
"","2016",NA,NA
"","2017",NA,NA
"","2018",NA,NA
"","2019",NA,NA
"Alabama","2020",5024279,1990.34
"Alaska","2020",733391,13635.29
"Arizona","2020",7151502,1398.31
"Arkansas","2020",3011524,3320.58
"California","2020",39538223,252.92
"Colorado","2020",5773714,1731.99
"Connecticut","2020",3605944,2773.2
"Delaware","2020",989948,10101.54
"District of Columbia","2020",689545,14502.32
"Florida","2020",21538187,464.29
"Georgia","2020",10711908,933.54
"Hawaii","2020",1455271,6871.57
"Idaho","2020",1839106,5437.42
"Illinois","2020",12812508,780.49
"Indiana","2020",6785528,1473.72
"Iowa","2020",3190369,3134.43
"Kansas","2020",2937880,3403.81
"Kentucky","2020",4505836,2219.34
"Louisiana","2020",4657757,2146.96
"Maine","2020",1362359,7340.21
"Maryland","2020",6177224,1618.85
"Massachusetts","2020",7029917,1422.49
"Michigan","2020",10077331,992.33
"Minnesota","2020",5706494,1752.39
"Mississippi","2020",2961279,3376.92
"Missouri","2020",6154913,1624.72
"Montana","2020",1084225,9223.18
"Nebraska","2020",1961504,5098.13
"Nevada","2020",3104614,3221.01
"New Hampshire","2020",1377529,7259.38
"New Jersey","2020",9288994,1076.54
"New Mexico","2020",2117522,4722.5
"New York","2020",20201249,495.02
"North Carolina","2020",10439388,957.91
"North Dakota","2020",779094,12835.42
"Ohio","2020",11799448,847.5
"Oklahoma","2020",3959353,2525.67
"Oregon","2020",4237256,2360.02
"Pennsylvania","2020",13002700,769.07
"Rhode Island","2020",1097379,9112.62
"South Carolina","2020",5118425,1953.73
"South Dakota","2020",886667,11278.19
"Tennessee","2020",6910840,1447
"Texas","2020",29145505,343.11
"Utah","2020",3271616,3056.59
"Vermont","2020",643077,15550.24
"Virginia","2020",8631393,1158.56
"Washington","2020",7705281,1297.81
"West Virginia","2020",1793716,5575.02
"Wisconsin","2020",5893718,1696.72
"Wyoming","2020",576851,17335.5
